first,last,President,honorrific,Presidency
Woodard,Beacham,Woodard D. Beacham,MD,1951-52
Carl,Huber,Carl P. Huber,MD,1952 (April-Dec.)
Robert,Kimbrough,Robert A. Kimbrough,MD,1952-53
Bayard,Carter,Bayard Carter,MD,1953-54
William,Mengert,William F. Mengert,MD,1954-55
Ralph,Campbell,Ralph E. Campbell,MD,1955-56
R.,Douglas,R. Gordon Douglas,MD,1956-58
R.,Craig,R. Glenn Craig,MD,1958-59
John,Brewer,John I. Brewer,MD,1959-60
C.,Hodgkinson,C. Paul Hodgkinson,MD,1960-61
Nicholson,Eastman,Nicholson J. Eastman,MD,1961-62
Edward,Hughes,Edward C. Hughes,MD,1962-63
George,Judd,George E. Judd,MD,1963-64
Frank,Lock,Frank R. Lock,MD,1964-65
Axel,Arneson,Axel N. Arneson,MD,1965-66
Howard,Taylor,Howard C. Taylor,Jr,1966-67
Duncan,Reid,Duncan E. Reid,MD,1967-68
Willis,Brown,Willis E. Brown,MD,1968-69
Keith,Russell,Keith P. Russell,MD,1969
Robert,Ross,Robert A. Ross,MD,1969-70
J.,Willson,J. Robert Willson,MD,1970-71
Clyde,Randall,Clyde L. Randall,MD,1971-72
Sprague,Gardiner,Sprague H. Gardiner,MD,1972-73
Frederick,Hofmeister,Frederick J. Hofmeister,NA,1974-75
Roy,Parker,Roy T. Parker,MD,1975-76
Tommy,Evans,Tommy N. Evans,MD,1976-77
Richard,Schmidt,Richard T.F. Schmidt,MD,1977-78
Harold,Kaminetzky,Harold A. Kaminetzky,MD,1978-79
Martin,Stone,Martin L. Stone,MD,1979-80
Hermann,Rhu,Hermann S. Rhu,MD,1980-81
George,Ryan,George M. Ryan,Jr,1981-82
Brooks,Ranney,Brooks Ranney,MD,1982-83
James,Breen,James L. Breen,MD,1983-84
Luella,Klein,Luella Klein,MD,1984-85
William,Mixson,William T. Mixson,MD,1985-86
Harry,Jonas,Harry S. Jonas,MD,1986-87
George,Morley,George W. Morley,MD,1987-88
Robert,Park,Robert C. Park,Col,1988-89
George,Malkasian,George D. Malkasian,Jr,1989-90
Ezra,Davidson,Ezra C. Davidson,Jr,1990-91
Richard,Schwarz,Richard H. Schwarz,MD,1991-92
Richard,Jones,Richard F. Jones III,MD,1992-93
Richard,Hollis,Richard S. Hollis,MD,1993-94
William,Andrews,William C. Andrews,MD,1994-95
George,Wilbanks,George D. Wilbanks,MD,1995-96
Fredric,Frigoletto,Fredric D. Frigoletto,Jr,1996-97
Vicki,Seltzer,Vicki L. Seltzer,MD,1997-98
James,Youngblood,James P. Youngblood,MD,1998-99
Frank,Miller,Frank C. Miller,MD,1999-2000
W.,Harer,W. Benson Harer,Jr,2000-2001
Thomas,Purdon,Thomas F. Purdon,MD,2001-2002
Charles,Hammond,Charles B. Hammond,MD,2002-2003
John,Gibbons,John M. Gibbons,Jr,2003-2004
Vivian,Dickerson,Vivian M. Dickerson,MD,2004-2005
Michael,Mennuti,Michael T. Mennuti,MD,2005-2006
Douglas,Laube,Douglas W. Laube,MD,2006-2007
Kenneth,Noller,Kenneth L. Noller,MD,2007-2008
Douglas,Kirkpatrick,Douglas H. Kirkpatrick,MD,2008-2009
Gerald,Joseph,Gerald F. Joseph,Jr,2009-2010
Richard,Waldman,Richard N. Waldman,MD,2010-2011
James,Martin,James N. Martin,Jr,2011-2012
James,Breeden,James T. Breeden,MD,2012-2013
Jeanne,Conry,Jeanne A. Conry,MD,2013-2014
John,Jennings,John C. Jennings,MD,2014-2015
Mark,DeFrancesco,Mark S. DeFrancesco,MD,2015-2016
Thomas,Gellhaus,Thomas M. Gellhaus,MD,2016-2017
Haywood,Brown,Haywood L. Brown,MD,2017-2018
Lisa,Hollier,Lisa M. Hollier,MD,2018-2019
Ted,Anderson,Ted L. Anderson,MD,2019-2020
Eva,Chalas,Eva Chalas,MD,2020-2021
J.,Tucker,J. Martin Tucker,MD,2021-2022
