first,last,middle,President,honorrific,Presidency
J,Tucker,Martin,J. Martin Tucker,MD,2021
Eva,Chalas,NA,Eva Chalas,MD,2020
Ted,Anderson,L,Ted L. Anderson,MD,2019
Lisa,Hollier,M,Lisa M. Hollier,MD,2018
Haywood,Brown,L,Haywood L. Brown,MD,2017
Thomas,Gellhaus,M,Thomas M. Gellhaus,MD,2016
Mark,DeFrancesco,S,Mark S. DeFrancesco,MD,2015
John,Jennings,C,John C. Jennings,MD,2014
Jeanne,Conry,A,Jeanne A. Conry,MD,2013
James,Breeden,T,James T. Breeden,MD,2012
James,Martin,N,James N. Martin,Jr,2011
Richard,Waldman,N,Richard N. Waldman,MD,2010
Gerald,Joseph,F,Gerald F. Joseph,Jr,2009
Douglas,Kirkpatrick,H,Douglas H. Kirkpatrick,MD,2008
Kenneth,Noller,L,Kenneth L. Noller,MD,2007
Douglas,Laube,W,Douglas W. Laube,MD,2006
Michael,Mennuti,T,Michael T. Mennuti,MD,2005
Vivian,Dickerson,M,Vivian M. Dickerson,MD,2004
John,Gibbons,M,John M. Gibbons,Jr,2003
Charles,Hammond,B,Charles B. Hammond,MD,2002
Thomas,Purdon,F,Thomas F. Purdon,MD,2001
W,Harer,Benson,W. Benson Harer,Jr,2000
Frank,Miller,C,Frank C. Miller,MD,1999
James,Youngblood,P,James P. Youngblood,MD,1998
Vicki,Seltzer,L,Vicki L. Seltzer,MD,1997
Fredric,Frigoletto,D,Fredric D. Frigoletto,Jr,1996
George,Wilbanks,D,George D. Wilbanks,MD,1995
William,Andrews,C,William C. Andrews,MD,1994
Richard,Hollis,S,Richard S. Hollis,MD,1993
Richard,Jones,F,Richard F. Jones III,MD,1992
Richard,Schwarz,H,Richard H. Schwarz,MD,1991
Ezra,Davidson,C,Ezra C. Davidson,Jr,1990
George,Malkasian,D,George D. Malkasian,Jr,1989
Robert,Park,C,Robert C. Park,Col,1988
George,Morley,W,George W. Morley,MD,1987
Harry,Jonas,S,Harry S. Jonas,MD,1986
William,Mixson,T,William T. Mixson,MD,1985
Luella,Klein,NA,Luella Klein,MD,1984
James,Breen,L,James L. Breen,MD,1983
Brooks,Ranney,NA,Brooks Ranney,MD,1982
George,Ryan,M,George M. Ryan,Jr,1981
Hermann,Rhu,S,Hermann S. Rhu,MD,1980
Martin,Stone,L,Martin L. Stone,MD,1979
Harold,Kaminetzky,A,Harold A. Kaminetzky,MD,1978
Richard,Schmidt,TF,Richard T.F. Schmidt,MD,1977
Tommy,Evans,N,Tommy N. Evans,MD,1976
Roy,Parker,T,Roy T. Parker,MD,1975
Frederick,Hofmeister,J,Frederick J. Hofmeister,NA,1974
Sprague,Gardiner,H,Sprague H. Gardiner,MD,1972
Clyde,Randall,L,Clyde L. Randall,MD,1971
J,Willson,Robert,J. Robert Willson,MD,1970
Keith,Russell,P,Keith P. Russell,MD,1969
Robert,Ross,A,Robert A. Ross,MD,1969
Willis,Brown,E,Willis E. Brown,MD,1968
Duncan,Reid,E,Duncan E. Reid,MD,1967
Howard,Taylor,C,Howard C. Taylor,Jr,1966
Axel,Arneson,N,Axel N. Arneson,MD,1965
Frank,Lock,R,Frank R. Lock,MD,1964
George,Judd,E,George E. Judd,MD,1963
Edward,Hughes,C,Edward C. Hughes,MD,1962
Nicholson,Eastman,J,Nicholson J. Eastman,MD,1961
C,Hodgkinson,Paul,C. Paul Hodgkinson,MD,1960
John,Brewer,I,John I. Brewer,MD,1959
R,Craig,Glenn,R. Glenn Craig,MD,1958
R,Douglas,Gordon,R. Gordon Douglas,MD,1956
Ralph,Campbell,E,Ralph E. Campbell,MD,1955
William,Mengert,F,William F. Mengert,MD,1954
Bayard,Carter,NA,Bayard Carter,MD,1953
Carl,Huber,P,Carl P. Huber,MD,1952
Robert,Kimbrough,A,Robert A. Kimbrough,MD,1952
Woodard,Beacham,D,Woodard D. Beacham,MD,1951
